<ui>

  <menubar name="MainMenuBar">

    <placeholder name="ExtraMenus">
      <menu name="VCS Top Menu" action="Bazaarmenu">
        <menuitem action="Bazaar Log"/>
        <menuitem action="Bazaar Log Recursive"/>
        <separator/>
        <menuitem action="Bazaar Difference"/>
        <menuitem action="Bazaar Difference Recursive"/>
        <separator/>
        <menuitem action="Bazaar Status"/>
        <menuitem action="Bazaar Status Recursive"/>
        <separator/>
        <menuitem action="Bazaar Annotate"/>
        <menuitem action="Bazaar Annotate Recursive"/>
        <separator/>        
        <menuitem action="Bazaar Add"/>
        <menuitem action="Bazaar Add Recursive"/>
        <separator/>
        <menuitem action="Bazaar Update"/>
      </menu>
    </placeholder>

  </menubar>

  <popup name="TestPopupMenu">
    <menu name="VCS Popup Menu" action="Bazaarmenu">
      <menuitem action="Bazaar Log"/>
      <menuitem action="Bazaar Log Recursive"/>
      <separator/>
      <menuitem action="Bazaar Difference"/>
      <menuitem action="Bazaar Difference Recursive"/>
      <separator/>
      <menuitem action="Bazaar Status"/>
      <menuitem action="Bazaar Status Recursive"/>
      <separator/>
      <menuitem action="Bazaar Annotate"/>
      <menuitem action="Bazaar Annotate Recursive"/>
      <separator/>
      <menuitem action="Bazaar Add"/>
      <menuitem action="Bazaar Add Recursive"/>
      <separator/>
      <menuitem action="Bazaar Update"/>
    </menu>
  </popup>

  <popup name="TestFilePopupMenu">
    <menu name="VCS File Popup Menu" action="Bazaarmenu">
      <menuitem action="Bazaar Log"/>
      <menuitem action="Bazaar Log Recursive"/>
      <separator/>
      <menuitem action="Bazaar Difference"/>
      <menuitem action="Bazaar Difference Recursive"/>
      <separator/>
      <menuitem action="Bazaar Status"/>
      <menuitem action="Bazaar Status Recursive"/>
      <separator/>
      <menuitem action="Bazaar Annotate"/>
      <menuitem action="Bazaar Annotate Recursive"/>
      <separator/>
      <menuitem action="Bazaar Add"/>
      <menuitem action="Bazaar Add Recursive"/>
      <separator/>
      <menuitem action="Bazaar Update"/>
    </menu>
  </popup>

</ui>
