<ui>

  <menubar name="MainMenuBar">

    <menu name="filemenu" action="filemenu">
      <placeholder name="FirstInFileMenu">
        <menuitem action="Save"/>
        <menuitem action="Save As..."/>
        <separator/>
      </placeholder>
    </menu>
   
    <menu action="viewmenu">
      <placeholder name="FirstInViewMenu">
        <menuitem action="Set Run Name"/>
        <separator/>
      </placeholder>
    </menu>

    <menu action="actionsmenu">
      <menuitem action="Kill"/>
      <menuitem action="Mark"/>
      <menuitem action="Unmark"/>
      <separator/>
      <menuitem action="Rerun"/>
      <menuitem action="Recompute Status"/>
      <separator/>
    </menu>
  </menubar>

  <toolbar name="MainToolBar">
    <toolitem action="Quit"/>
    <toolitem action="Kill"/>
    <toolitem action="Save"/>
    <separator/>
  </toolbar>

  <popup name="TestPopupMenu">
    <menuitem action="Save"/>
    <menuitem action="Save As..."/>
    <separator/>
    <menuitem action="Kill"/>
    <menuitem action="Mark"/>
    <menuitem action="Unmark"/>
    <separator/>
    <menuitem action="Rerun"/>
    <menuitem action="Recompute Status"/>
    <separator/>
  </popup>

  <popup name="TestFilePopupMenu">
    <menuitem action="View File"/>
    <placeholder name="ExtraTmpViewers" />
    <menuitem action="View Filtered File"/>
    <separator/>
    <menuitem action="View Original File"/>
    <placeholder name="ExtraOrigViewers" />
    <menuitem action="View Filtered Original File"/>
    <separator/>
    <menuitem action="View Differences"/>
    <placeholder name="ExtraDiffViewers" />
    <menuitem action="View Raw Differences"/>
    <separator/>
    <menuitem action="Follow File Progress"/>
    <separator/>
    <menuitem name="File Properties" action="File Properties"/>
    <separator/>
    <menuitem action="Save"/>
    <menuitem action="Save As..."/>
  </popup>

</ui>
