<ui>

  <menubar name="MainMenuBar">

    <placeholder name="ExtraMenus">
      <menu name="VCS Top Menu" action="Mercurialmenu">
        <menuitem action="Mercurial Log"/>
        <menuitem action="Mercurial Log Recursive"/>
        <separator/>
        <menuitem action="Mercurial Difference"/>
        <menuitem action="Mercurial Difference Recursive"/>
        <separator/>
        <menuitem action="Mercurial Status"/>
        <menuitem action="Mercurial Status Recursive"/>
        <separator/>
        <menuitem action="Mercurial Annotate"/>
        <menuitem action="Mercurial Annotate Recursive"/>
        <separator/>        
        <menuitem action="Mercurial Add"/>
        <menuitem action="Mercurial Add Recursive"/>
        <separator/>
        <menuitem action="Mercurial Update"/>
      </menu>
    </placeholder>

  </menubar>

  <popup name="TestPopupMenu">
    <menu name="VCS Popup Menu" action="Mercurialmenu">
      <menuitem action="Mercurial Log"/>
      <menuitem action="Mercurial Log Recursive"/>
      <separator/>
      <menuitem action="Mercurial Difference"/>
      <menuitem action="Mercurial Difference Recursive"/>
      <separator/>
      <menuitem action="Mercurial Status"/>
      <menuitem action="Mercurial Status Recursive"/>
      <separator/>
      <menuitem action="Mercurial Annotate"/>
      <menuitem action="Mercurial Annotate Recursive"/>
      <separator/>
      <menuitem action="Mercurial Add"/>
      <menuitem action="Mercurial Add Recursive"/>
      <separator/>
      <menuitem action="Mercurial Update"/>
    </menu>
  </popup>

  <popup name="TestFilePopupMenu">
    <menu name="VCS File Popup Menu" action="Mercurialmenu">
      <menuitem action="Mercurial Log"/>
      <menuitem action="Mercurial Log Recursive"/>
      <separator/>
      <menuitem action="Mercurial Difference"/>
      <menuitem action="Mercurial Difference Recursive"/>
      <separator/>
      <menuitem action="Mercurial Status"/>
      <menuitem action="Mercurial Status Recursive"/>
      <separator/>
      <menuitem action="Mercurial Annotate"/>
      <menuitem action="Mercurial Annotate Recursive"/>
      <separator/>
      <menuitem action="Mercurial Add"/>
      <menuitem action="Mercurial Add Recursive"/>
      <separator/>
      <menuitem action="Mercurial Update"/>
    </menu>
  </popup>

</ui>
